covariate,type,pre_match_smd,post_match_smd,pre_match_n_ai,pre_match_n_control_pool,post_match_n_pairs,ai_pre_mean,ctrl_pre_mean,ai_post_mean,ctrl_post_mean,abs_post_smd_gt_0p1
log_stars,continuous,-0.12175320410672794,-0.05693381214328209,2706,2657,1744,6.752953184735991,6.947448541527535,6.473881570185622,6.55425395428018,False
repo_age_years,continuous,0.005236563729208908,0.0025435075550538605,2706,2657,1744,5.679042136697268,5.658975799593856,5.714935415607006,5.704954191235109,False
activity,continuous,0.03780573027981609,0.04450148008071235,2706,2657,1744,11.929785661492978,6.953707188558525,12.01834862385321,5.2672018348623855,False
owner_org,binary,0.0037410045727477516,0.0,2706,2657,1744,0.6371027346637103,0.6353029732781332,0.5980504587155964,0.5980504587155964,False
lang_1C Enterprise,binary,0.02719138713261855,0.0,2706,2657,1744,0.0003695491500369549,0.0,0.0,0.0,False
lang_AL,binary,0.02719138713261855,0.0,2706,2657,1744,0.0003695491500369549,0.0,0.0,0.0,False
lang_ActionScript,binary,-0.00035296245741360397,0.0,2706,2657,1744,0.0003695491500369549,0.0003763643206624012,0.0005733944954128441,0.0005733944954128441,False
lang_AngelScript,binary,0.02719138713261855,0.0,2706,2657,1744,0.0003695491500369549,0.0,0.0,0.0,False
lang_Apex,binary,0.02719138713261855,0.0,2706,2657,1744,0.0003695491500369549,0.0,0.0,0.0,False
lang_AppleScript,binary,0.02719138713261855,0.0,2706,2657,1744,0.0003695491500369549,0.0,0.0,0.0,False
lang_Assembly,binary,0.015364190576590856,0.0,2706,2657,1744,0.0007390983000739098,0.0003763643206624012,0.0,0.0,False
lang_Astro,binary,-0.0006115771479653591,0.0,2706,2657,1744,0.0011086474501108647,0.0011290929619872036,0.0017201834862385322,0.0017201834862385322,False
lang_Bicep,binary,0.02393250227185445,0.0,2706,2657,1744,0.0025868440502586844,0.0015054572826496049,0.0022935779816513763,0.0022935779816513763,False
lang_C,binary,-0.0027171315842649136,0.0,2706,2657,1744,0.021433850702143386,0.02182913059841927,0.02694954128440367,0.02694954128440367,False
lang_C#,binary,-0.005422568599584713,0.0,2706,2657,1744,0.08019216555801921,0.08167105758374106,0.08944954128440367,0.08944954128440367,False
lang_C++,binary,-0.0037795581882632333,0.0,2706,2657,1744,0.04065040650406504,0.041400075272864136,0.0389908256880734,0.0389908256880734,False
lang_CMake,binary,0.02719138713261855,0.0,2706,2657,1744,0.0003695491500369549,0.0,0.0,0.0,False
lang_CSS,binary,-0.0007063203463493152,0.0,2706,2657,1744,0.0014781966001478197,0.0015054572826496049,0.0022935779816513763,0.0022935779816513763,False
lang_Circom,binary,0.02719138713261855,0.0,2706,2657,1744,0.0003695491500369549,0.0,0.0,0.0,False
lang_Clojure,binary,0.02688621147765673,0.0,2706,2657,1744,0.0011086474501108647,0.0003763643206624012,0.0005733944954128441,0.0005733944954128441,False
lang_CodeQL,binary,0.02719138713261855,0.0,2706,2657,1744,0.0003695491500369549,0.0,0.0,0.0,False
lang_CoffeeScript,binary,-0.0004992574461998932,0.0,2706,2657,1744,0.0007390983000739098,0.0007527286413248024,0.0011467889908256881,0.0011467889908256881,False
lang_ColdFusion,binary,0.027191387132618552,0.0,2706,2657,1744,0.0003695491500369549,0.0,0.0,0.0,False
lang_Common Lisp,binary,0.02719138713261855,0.0,2706,2657,1744,0.0003695491500369549,0.0,0.0,0.0,False
lang_Dart,binary,-0.002008305935625011,0.0,2706,2657,1744,0.011825572801182557,0.012043658261196839,0.017775229357798166,0.017775229357798166,False
lang_Dockerfile,binary,-0.0006115771479653591,0.0,2706,2657,1744,0.0011086474501108647,0.0011290929619872036,0.0011467889908256881,0.0011467889908256881,False
lang_Elixir,binary,-0.0008653855427485257,0.0,2706,2657,1744,0.0022172949002217295,0.002258185923974407,0.0028669724770642203,0.0028669724770642203,False
lang_Emacs Lisp,binary,-0.0006115771479653591,0.0,2706,2657,1744,0.0011086474501108647,0.0011290929619872036,0.0017201834862385322,0.0017201834862385322,False
lang_Erlang,binary,0.011672354203324554,0.0,2706,2657,1744,0.0011086474501108647,0.0007527286413248024,0.0005733944954128441,0.0005733944954128441,False
lang_F#,binary,0.04711428474315455,0.0,2706,2657,1744,0.0011086474501108647,0.0,0.0,0.0,False
lang_Fortran,binary,-0.00035296245741360397,0.0,2706,2657,1744,0.0003695491500369549,0.0003763643206624012,0.0005733944954128441,0.0005733944954128441,False
lang_GAP,binary,0.02719138713261855,0.0,2706,2657,1744,0.0003695491500369549,0.0,0.0,0.0,False
lang_Gherkin,binary,-0.00035296245741360397,0.0,2706,2657,1744,0.0003695491500369549,0.0003763643206624012,0.0005733944954128441,0.0005733944954128441,False
lang_Go,binary,-0.005690089194184314,0.0,2706,2657,1744,0.08758314855875832,0.08919834399698909,0.09690366972477064,0.09690366972477064,False
lang_HCL,binary,0.008366532735298686,0.0,2706,2657,1744,0.0018477457501847746,0.0015054572826496049,0.0022935779816513763,0.0022935779816513763,False
lang_HTML,binary,-0.002131740162723743,0.0,2706,2657,1744,0.013303769401330377,0.013549115543846444,0.01834862385321101,0.01834862385321101,False
lang_Handlebars,binary,-0.0004992574461998932,0.0,2706,2657,1744,0.0007390983000739098,0.0007527286413248024,0.0011467889908256881,0.0011467889908256881,False
lang_Haskell,binary,0.008366532735298688,0.0,2706,2657,1744,0.0018477457501847746,0.0015054572826496049,0.0017201834862385322,0.0017201834862385322,False
lang_Java,binary,-0.0033063809726035657,0.0,2706,2657,1744,0.031411677753141166,0.031990967256304105,0.03727064220183486,0.03727064220183486,False
lang_JavaScript,binary,-0.00500343398237821,0.0,2706,2657,1744,0.06910569105691057,0.07038012796386903,0.06479357798165138,0.06479357798165138,False
lang_JetBrains MPS,binary,0.02719138713261855,0.0,2706,2657,1744,0.0003695491500369549,0.0,0.0,0.0,False
lang_Jsonnet,binary,0.02719138713261855,0.0,2706,2657,1744,0.0003695491500369549,0.0,0.0,0.0,False
lang_Julia,binary,0.011842116048251427,0.0,2706,2657,1744,0.003695491500369549,0.0030109145652992097,0.0040137614678899085,0.0040137614678899085,False
lang_Jupyter Notebook,binary,-0.0019107686436879347,0.0,2706,2657,1744,0.010716925351071693,0.010914565299209636,0.013188073394495414,0.013188073394495414,False
lang_Kotlin,binary,-0.002387423116145464,0.0,2706,2657,1744,0.01662971175166297,0.016936394429808054,0.02408256880733945,0.02408256880733945,False
lang_Less,binary,0.02719138713261855,0.0,2706,2657,1744,0.0003695491500369549,0.0,0.0,0.0,False
lang_Lua,binary,-0.0012252147883544061,0.0,2706,2657,1744,0.004434589800443459,0.004516371847948814,0.006880733944954129,0.006880733944954129,False
lang_Luau,binary,0.02719138713261855,0.0,2706,2657,1744,0.0003695491500369549,0.0,0.0,0.0,False
lang_MATLAB,binary,-0.0004992574461998932,0.0,2706,2657,1744,0.0007390983000739098,0.0007527286413248024,0.0011467889908256881,0.0011467889908256881,False
lang_MDX,binary,-0.0009348979779844535,0.0,2706,2657,1744,0.0025868440502586844,0.0026345502446368085,0.0034403669724770644,0.0034403669724770644,False
lang_MLIR,binary,0.02719138713261855,0.0,2706,2657,1744,0.0003695491500369549,0.0,0.0,0.0,False
lang_Makefile,binary,-0.0006115771479653591,0.0,2706,2657,1744,0.0011086474501108647,0.0011290929619872036,0.0017201834862385322,0.0017201834862385322,False
lang_Markdown,binary,-0.0004992574461998932,0.0,2706,2657,1744,0.0007390983000739098,0.0007527286413248024,0.0,0.0,False
lang_Mathematica,binary,-0.00035296245741360397,0.0,2706,2657,1744,0.0003695491500369549,0.0003763643206624012,0.0005733944954128441,0.0005733944954128441,False
lang_Mojo,binary,0.02719138713261855,0.0,2706,2657,1744,0.0003695491500369549,0.0,0.0,0.0,False
lang_MoonBit,binary,0.02719138713261855,0.0,2706,2657,1744,0.0003695491500369549,0.0,0.0,0.0,False
lang_Move,binary,0.02719138713261855,0.0,2706,2657,1744,0.0003695491500369549,0.0,0.0,0.0,False
lang_Mustache,binary,0.015364190576590855,0.0,2706,2657,1744,0.0007390983000739098,0.0003763643206624012,0.0005733944954128441,0.0005733944954128441,False
lang_Nextflow,binary,-0.00035296245741360397,0.0,2706,2657,1744,0.0003695491500369549,0.0003763643206624012,0.0005733944954128441,0.0005733944954128441,False
lang_Nim,binary,0.02719138713261855,0.0,2706,2657,1744,0.0003695491500369549,0.0,0.0,0.0,False
lang_Nushell,binary,0.02719138713261855,0.0,2706,2657,1744,0.0003695491500369549,0.0,0.0,0.0,False
lang_OCaml,binary,-0.0004992574461998932,0.0,2706,2657,1744,0.0007390983000739098,0.0007527286413248024,0.0011467889908256881,0.0011467889908256881,False
lang_Objective-C,binary,-0.0004992574461998932,0.0,2706,2657,1744,0.0007390983000739098,0.0007527286413248024,0.0011467889908256881,0.0011467889908256881,False
lang_PHP,binary,-0.002880272753896764,0.0,2706,2657,1744,0.02402069475240207,0.024463680843056078,0.033256880733944956,0.033256880733944956,False
lang_PLpgSQL,binary,0.02719138713261855,0.0,2706,2657,1744,0.0003695491500369549,0.0,0.0,0.0,False
lang_Perl,binary,0.02719138713261855,0.0,2706,2657,1744,0.0003695491500369549,0.0,0.0,0.0,False
lang_PowerShell,binary,-0.0016620651743091196,0.0,2706,2657,1744,0.008130081300813009,0.008280015054572827,0.010894495412844037,0.010894495412844037,False
lang_Python,binary,-0.008877692882494348,0.0,2706,2657,1744,0.18920916481892092,0.19269853217914942,0.1496559633027523,0.1496559633027523,False
lang_QML,binary,0.02719138713261855,0.0,2706,2657,1744,0.0003695491500369549,0.0,0.0,0.0,False
lang_R,binary,-0.0007898376879739668,0.0,2706,2657,1744,0.0018477457501847746,0.001881821603312006,0.0028669724770642203,0.0028669724770642203,False
lang_RPM Spec,binary,0.02719138713261855,0.0,2706,2657,1744,0.0003695491500369549,0.0,0.0,0.0,False
lang_ReScript,binary,0.02719138713261855,0.0,2706,2657,1744,0.0003695491500369549,0.0,0.0,0.0,False
lang_Ruby,binary,0.0009996841471273704,0.0,2706,2657,1744,0.014042867701404288,0.013925479864508844,0.020068807339449542,0.020068807339449542,False
lang_Rust,binary,-0.00446399678431804,0.0,2706,2657,1744,0.05580192165558019,0.05683101242002258,0.05561926605504587,0.05561926605504587,False
lang_SCSS,binary,-0.0006115771479653591,0.0,2706,2657,1744,0.0011086474501108647,0.0011290929619872036,0.0017201834862385322,0.0017201834862385322,False
lang_Scala,binary,-0.0007063203463493152,0.0,2706,2657,1744,0.0014781966001478197,0.0015054572826496049,0.0022935779816513763,0.0022935779816513763,False
lang_Shell,binary,-0.0018771814717797551,0.0,2706,2657,1744,0.010347376201034738,0.010538200978547234,0.014334862385321102,0.014334862385321102,False
lang_Smarty,binary,0.015364190576590855,0.0,2706,2657,1744,0.0007390983000739098,0.0003763643206624012,0.0005733944954128441,0.0005733944954128441,False
lang_Solidity,binary,-0.0007898376879739667,0.0,2706,2657,1744,0.0018477457501847746,0.001881821603312006,0.0028669724770642203,0.0028669724770642203,False
lang_Starlark,binary,0.02719138713261855,0.0,2706,2657,1744,0.0003695491500369549,0.0,0.0,0.0,False
lang_Svelte,binary,-0.0007898376879739668,0.0,2706,2657,1744,0.0018477457501847746,0.001881821603312006,0.0022935779816513763,0.0022935779816513763,False
lang_Swift,binary,-0.002039829366149314,0.0,2706,2657,1744,0.012195121951219513,0.012420022581859239,0.018922018348623854,0.018922018348623854,False
lang_TeX,binary,-0.00035296245741360397,0.0,2706,2657,1744,0.0003695491500369549,0.0003763643206624012,0.0005733944954128441,0.0005733944954128441,False
lang_TypeScript,binary,-0.00997987212422906,0.0,2706,2657,1744,0.22764227642276422,0.23184042152803913,0.1966743119266055,0.1966743119266055,False
lang_TypeSpec,binary,0.03846153846153846,0.0,2706,2657,1744,0.0007390983000739098,0.0,0.0,0.0,False
lang_Unknown,binary,0.005002001132416747,0.0,2706,2657,1744,0.011825572801182557,0.011290929619872036,0.008600917431192661,0.008600917431192661,False
lang_Vim Script,binary,0.011672354203324554,0.0,2706,2657,1744,0.0011086474501108647,0.0007527286413248024,0.0005733944954128441,0.0005733944954128441,False
lang_Vue,binary,-0.0013706022681339374,0.0,2706,2657,1744,0.005543237250554324,0.005645464809936018,0.006880733944954129,0.006880733944954129,False
lang_Zig,binary,-0.0006115771479653591,0.0,2706,2657,1744,0.0011086474501108647,0.0011290929619872036,0.0011467889908256881,0.0011467889908256881,False
